{"cameraMode":{"drawMode":0,"name":"Shaded","section":"Shading Mode"},"sceneLighting":true,"audioPlay":false,"sceneViewState":{"showFog":true,"showMaterialUpdate":false,"showSkybox":true,"showFlares":true,"showImageEffects":true,"showParticleSystems":true},"in2DMode":false,"pivot":{"x":20.20186424255371,"y":0.5764374732971191,"z":15.026561737060547},"rotation":{"x":-0.09371228516101837,"y":0.3558382987976074,"z":-0.035846538841724399,"w":-0.9291903972625732},"size":3.0598344802856447,"orthographic":true}