{"cameraMode":{"drawMode":0,"name":"Shaded","section":"Shading Mode"},"sceneLighting":true,"audioPlay":false,"sceneViewState":{"showFog":true,"showMaterialUpdate":false,"showSkybox":false,"showFlares":true,"showImageEffects":true,"showParticleSystems":true},"in2DMode":false,"pivot":{"x":0.0,"y":3.134000778198242,"z":4.506999969482422},"rotation":{"x":0.08594885468482971,"y":0.5850860476493836,"z":-0.06254833936691284,"w":0.8039763569831848},"size":133.52655029296876,"orthographic":true}